[
  {
    "id": "086a9785-f5f2-45f7-8404-43b31150500a",
    "data": [
      {
        "text": "application",
        "meta": "@jobent",
        "alias": "jobent",
        "userDefined": true
      }
    ],
    "isTemplate": false,
    "count": 0,
    "lang": "en",
    "updated": 0
  },
  {
    "id": "020da9dc-1150-42aa-a727-20f6d59977de",
    "data": [
      {
        "text": "job",
        "meta": "@jobent",
        "alias": "jobent",
        "userDefined": true
      }
    ],
    "isTemplate": false,
    "count": 0,
    "lang": "en",
    "updated": 0
  },
  {
    "id": "c2f7f792-9d2d-4861-bed7-62db188250c3",
    "data": [
      {
        "text": "we saw your ",
        "userDefined": false
      },
      {
        "text": "application",
        "meta": "@jobent",
        "alias": "jobent",
        "userDefined": true
      }
    ],
    "isTemplate": false,
    "count": 0,
    "lang": "en",
    "updated": 0
  },
  {
    "id": "7cb657f2-5132-49a8-9c53-6c3c123ccbd9",
    "data": [
      {
        "text": "we liked your ",
        "userDefined": false
      },
      {
        "text": "application",
        "meta": "@jobent",
        "alias": "jobent",
        "userDefined": true
      }
    ],
    "isTemplate": false,
    "count": 0,
    "lang": "en",
    "updated": 0
  },
  {
    "id": "46da0e3b-94f2-4457-b280-29d5211f8f86",
    "data": [
      {
        "text": "would ",
        "userDefined": false
      },
      {
        "text": "you",
        "meta": "@sys.ignore",
        "userDefined": true
      },
      {
        "text": " like a ",
        "userDefined": false
      },
      {
        "text": "job",
        "meta": "@jobent",
        "alias": "jobent",
        "userDefined": true
      },
      {
        "text": "?",
        "userDefined": false
      }
    ],
    "isTemplate": false,
    "count": 0,
    "lang": "en",
    "updated": 0
  },
  {
    "id": "84350d03-eb75-4202-bd8a-2de98487bfc6",
    "data": [
      {
        "text": "are you looking for a ",
        "userDefined": false
      },
      {
        "text": "job",
        "meta": "@jobent",
        "alias": "jobent",
        "userDefined": true
      },
      {
        "text": "?",
        "userDefined": false
      }
    ],
    "isTemplate": false,
    "count": 0,
    "lang": "en",
    "updated": 0
  }
]